PRAGMA foreign_keys = ON;

insert into Pessoa (id, nome, telefone, idade) values (1, 'Regine Hehir', 952198325, 61);
insert into Pessoa (id, nome, telefone, idade) values (2, 'Lu Willcott', 956648705, 62);
insert into Pessoa (id, nome, telefone, idade) values (3, 'Lavinia Ricards', 956884849, 15);
insert into Pessoa (id, nome, telefone, idade) values (4, 'Audie Stanyon', 936427515, 60);
insert into Pessoa (id, nome, telefone, idade) values (5, 'Pamela Cleaver', 944259622, 72);
insert into Pessoa (id, nome, telefone, idade) values (6, 'Blancha Souten', 944586358, 31);
insert into Pessoa (id, nome, telefone, idade) values (7, 'Trever Eaden', 967107471, 99);
insert into Pessoa (id, nome, telefone, idade) values (8, 'Robers Bovaird', 922950460, 49);
insert into Pessoa (id, nome, telefone, idade) values (9, 'Rand Steart', 968391676, 21);
insert into Pessoa (id, nome, telefone, idade) values (10, 'Swen Dutton', 930265074, 59);
insert into Pessoa (id, nome, telefone, idade) values (11, 'Giffer Ockleshaw', 916331292, 88);
insert into Pessoa (id, nome, telefone, idade) values (12, 'Jeno Bramble', 919410267, 6);
insert into Pessoa (id, nome, telefone, idade) values (13, 'Meggi O'' Donohoe', 967620386, 13);
insert into Pessoa (id, nome, telefone, idade) values (14, 'Leontyne Van der Velde', 931528105, 1);
insert into Pessoa (id, nome, telefone, idade) values (15, 'Claudius Allday', 910064249, 13);
insert into Pessoa (id, nome, telefone, idade) values (16, 'Ariella Duncanson', 940591830, 25);
insert into Pessoa (id, nome, telefone, idade) values (17, 'Merci Hammersley', 937858380, 17);
insert into Pessoa (id, nome, telefone, idade) values (18, 'Devy Malthus', 959621540, 74);
insert into Pessoa (id, nome, telefone, idade) values (19, 'Juli Allcorn', 915736663, 15);
insert into Pessoa (id, nome, telefone, idade) values (20, 'Loretta Orring', 927220185, 18);
insert into Pessoa (id, nome, telefone, idade) values (21, 'Belicia Phant', 914401570, 50);
insert into Pessoa (id, nome, telefone, idade) values (22, 'Agathe McClosh', 932336796, 5);
insert into Pessoa (id, nome, telefone, idade) values (23, 'Gib Pinner', 951685363, 8);
insert into Pessoa (id, nome, telefone, idade) values (24, 'Ashely Mably', 952261625, 97);
insert into Pessoa (id, nome, telefone, idade) values (25, 'Malena Humphery', 937790929, 91);
insert into Pessoa (id, nome, telefone, idade) values (26, 'Dynah Southwell', 942683599, 61);
insert into Pessoa (id, nome, telefone, idade) values (27, 'Elisabet Holywell', 930614519, 38);
insert into Pessoa (id, nome, telefone, idade) values (28, 'Constancy Massow', 941278496, 51);
insert into Pessoa (id, nome, telefone, idade) values (29, 'Marja Philippou', 969753770, 49);
insert into Pessoa (id, nome, telefone, idade) values (30, 'Idaline Goligher', 958833260, 36);
insert into Pessoa (id, nome, telefone, idade) values (31, 'Marysa Episcopi', 911290556, 8);
insert into Pessoa (id, nome, telefone, idade) values (32, 'Jaquith Mennithorp', 954096866, 90);
insert into Pessoa (id, nome, telefone, idade) values (33, 'Lilllie Oran', 949771259, 50);
insert into Pessoa (id, nome, telefone, idade) values (34, 'Guenna Coultass', 947690028, 47);
insert into Pessoa (id, nome, telefone, idade) values (35, 'Trumaine Staneland', 918681478, 36);
insert into Pessoa (id, nome, telefone, idade) values (36, 'Hersh Birch', 967402047, 14);
insert into Pessoa (id, nome, telefone, idade) values (37, 'Orly Cowlam', 922777823, 15);
insert into Pessoa (id, nome, telefone, idade) values (38, 'Karim Ellerker', 948252676, 77);
insert into Pessoa (id, nome, telefone, idade) values (39, 'Nikolia Abrashkov', 953824442, 68);
insert into Pessoa (id, nome, telefone, idade) values (40, 'Ham Tidmas', 936397405, 11);
insert into Pessoa (id, nome, telefone, idade) values (41, 'Riki Loraine', 968709537, 92);
insert into Pessoa (id, nome, telefone, idade) values (42, 'Francklin Gounod', 964811596, 86);
insert into Pessoa (id, nome, telefone, idade) values (43, 'Hamlin Dawidowitsch', 960856243, 85);
insert into Pessoa (id, nome, telefone, idade) values (44, 'Mead Minister', 950486665, 76);
insert into Pessoa (id, nome, telefone, idade) values (45, 'Tynan Prestage', 929898666, 71);
insert into Pessoa (id, nome, telefone, idade) values (46, 'Jorrie Sorensen', 910336988, 57);
insert into Pessoa (id, nome, telefone, idade) values (47, 'Ernst Olerenshaw', 917850094, 54);
insert into Pessoa (id, nome, telefone, idade) values (48, 'Randolf Haskett', 941355395, 41);
insert into Pessoa (id, nome, telefone, idade) values (49, 'Crosby Blackmuir', 910292321, 22);
insert into Pessoa (id, nome, telefone, idade) values (50, 'Scottie Veryan', 966851371, 1);
insert into Pessoa (id, nome, telefone, idade) values (51, 'Hilliary de Aguirre', 925475792, 53);
insert into Pessoa (id, nome, telefone, idade) values (52, 'Marys Biasio', 962809089, 95);
insert into Pessoa (id, nome, telefone, idade) values (53, 'Merwin Oxburgh', 910819825, 50);
insert into Pessoa (id, nome, telefone, idade) values (54, 'Lauren Kilford', 943719725, 89);
insert into Pessoa (id, nome, telefone, idade) values (55, 'Katusha Copelli', 941136658, 10);
insert into Pessoa (id, nome, telefone, idade) values (56, 'Aigneis Laughlan', 943543493, 38);
insert into Pessoa (id, nome, telefone, idade) values (57, 'Erhard Grass', 967255749, 32);
insert into Pessoa (id, nome, telefone, idade) values (58, 'Kaspar Marques', 958063811, 31);
insert into Pessoa (id, nome, telefone, idade) values (59, 'Kelwin Adlard', 960489961, 59);
insert into Pessoa (id, nome, telefone, idade) values (60, 'Sula Cesconi', 947006476, 92);
insert into Pessoa (id, nome, telefone, idade) values (61, 'Vidovic Zellner', 956836494, 31);
insert into Pessoa (id, nome, telefone, idade) values (62, 'Bram Shovlin', 915155471, 100);
insert into Pessoa (id, nome, telefone, idade) values (63, 'Kirbee Feldmann', 945382874, 30);
insert into Pessoa (id, nome, telefone, idade) values (64, 'Darcy Peirazzi', 959595064, 65);
insert into Pessoa (id, nome, telefone, idade) values (65, 'Wittie Ferschke', 923548166, 76);
insert into Pessoa (id, nome, telefone, idade) values (66, 'Prent Silbert', 933559811, 81);
insert into Pessoa (id, nome, telefone, idade) values (67, 'Shana Chaimson', 940933529, 78);
insert into Pessoa (id, nome, telefone, idade) values (68, 'Filide Coey', 917997548, 70);
insert into Pessoa (id, nome, telefone, idade) values (69, 'Dee Fairbanks', 947776629, 35);
insert into Pessoa (id, nome, telefone, idade) values (70, 'Stacee Udale', 930674016, 2);
insert into Pessoa (id, nome, telefone, idade) values (71, 'Callida Mendonca', 967187190, 35);
insert into Pessoa (id, nome, telefone, idade) values (72, 'Dareen Stearn', 925669145, 80);
insert into Pessoa (id, nome, telefone, idade) values (73, 'Clevey Rosi', 910319662, 29);
insert into Pessoa (id, nome, telefone, idade) values (74, 'Natasha Allso', 947287611, 94);
insert into Pessoa (id, nome, telefone, idade) values (75, 'Gunner Girvan', 926858115, 69);
insert into Pessoa (id, nome, telefone, idade) values (76, 'Ashley Paterno', 968000704, 77);
insert into Pessoa (id, nome, telefone, idade) values (77, 'Susette Andrasch', 932906741, 25);
insert into Pessoa (id, nome, telefone, idade) values (78, 'Sibbie Elsop', 927726517, 65);
insert into Pessoa (id, nome, telefone, idade) values (79, 'Cherice Conichie', 952552569, 7);
insert into Pessoa (id, nome, telefone, idade) values (80, 'Genvieve Andrysek', 932267045, 57);
insert into Pessoa (id, nome, telefone, idade) values (81, 'Brandyn Heiner', 946956071, 63);
insert into Pessoa (id, nome, telefone, idade) values (82, 'Row Szymczyk', 944532076, 7);
insert into Pessoa (id, nome, telefone, idade) values (83, 'Rabi Beardshaw', 954746698, 67);
insert into Pessoa (id, nome, telefone, idade) values (84, 'Opalina Hosburn', 911118139, 13);
insert into Pessoa (id, nome, telefone, idade) values (85, 'Pepillo Playle', 928885285, 76);
insert into Pessoa (id, nome, telefone, idade) values (86, 'Lavena Broinlich', 968262061, 85);
insert into Pessoa (id, nome, telefone, idade) values (87, 'Camey Clubb', 966112132, 2);
insert into Pessoa (id, nome, telefone, idade) values (88, 'Eveline Stanners', 916506610, 72);
insert into Pessoa (id, nome, telefone, idade) values (89, 'Fredericka Chivrall', 931394206, 66);
insert into Pessoa (id, nome, telefone, idade) values (90, 'Hannis Clemmitt', 928823023, 25);
insert into Pessoa (id, nome, telefone, idade) values (91, 'Orion Saunton', 965487153, 79);
insert into Pessoa (id, nome, telefone, idade) values (92, 'Veda Cotta', 967990899, 63);
insert into Pessoa (id, nome, telefone, idade) values (93, 'Perkin Vairow', 962942335, 46);
insert into Pessoa (id, nome, telefone, idade) values (94, 'Grier Linguard', 934452534, 43);
insert into Pessoa (id, nome, telefone, idade) values (95, 'Jinny Van Der Hoog', 932532164, 76);
insert into Pessoa (id, nome, telefone, idade) values (96, 'Hurlee Alvin', 911607609, 37);
insert into Pessoa (id, nome, telefone, idade) values (97, 'Elvis Lipscomb', 913751165, 20);
insert into Pessoa (id, nome, telefone, idade) values (98, 'Cory Billington', 956862985, 61);
insert into Pessoa (id, nome, telefone, idade) values (99, 'Elvina Clemitt', 948992360, 68);
insert into Pessoa (id, nome, telefone, idade) values (100, 'Stanfield Nornable', 917164600, 85);

insert into Espectador (id, nif) values (1, 244576734);
insert into Espectador (id, nif) values (2, 296345636);
insert into Espectador (id, nif) values (4, 254171079);
insert into Espectador (id, nif) values (5, 560470657);
insert into Espectador (id, nif) values (9, 542011662);
insert into Espectador (id, nif) values (10, 170258890);
insert into Espectador (id, nif) values (12, 343368293);
insert into Espectador (id, nif) values (13, 135929920);
insert into Espectador (id, nif) values (15, 380853116);
insert into Espectador (id, nif) values (17, 648486133);
insert into Espectador (id, nif) values (33, 339061383);
insert into Espectador (id, nif) values (40, 628991932);
insert into Espectador (id, nif) values (41, 803110855);
insert into Espectador (id, nif) values (43, 854309896);
insert into Espectador (id, nif) values (47, 635282755);
insert into Espectador (id, nif) values (52, 978134761);
insert into Espectador (id, nif) values (53, 154408913);
insert into Espectador (id, nif) values (54, 288902092);
insert into Espectador (id, nif) values (55, 363374906);
insert into Espectador (id, nif) values (56, 971222029);
insert into Espectador (id, nif) values (58, 627667384);
insert into Espectador (id, nif) values (59, 589714392);
insert into Espectador (id, nif) values (62, 206778716);
insert into Espectador (id, nif) values (64, 127204555);
insert into Espectador (id, nif) values (66, 163329346);
insert into Espectador (id, nif) values (69, 376605146);
insert into Espectador (id, nif) values (74, 264013107);
insert into Espectador (id, nif) values (75, 687313104);
insert into Espectador (id, nif) values (77, 321767918);
insert into Espectador (id, nif) values (78, 999295349);
insert into Espectador (id, nif) values (79, 354818449);
insert into Espectador (id, nif) values (80, 507738659);
insert into Espectador (id, nif) values (81, 648649580);
insert into Espectador (id, nif) values (82, 121569276);
insert into Espectador (id, nif) values (83, 908646585);
insert into Espectador (id, nif) values (85, 811792595);
insert into Espectador (id, nif) values (86, 322308470);
insert into Espectador (id, nif) values (89, 180359002);
insert into Espectador (id, nif) values (90, 137782667);
insert into Espectador (id, nif) values (92, 828579652);
insert into Espectador (id, nif) values (93, 516846086);
insert into Espectador (id, nif) values (95, 283307340);
insert into Espectador (id, nif) values (98, 368245110);
insert into Espectador (id, nif) values (99, 230000282);

insert into Artista (id, areaTrabalho) values (3, 'escultura');
insert into Artista (id, areaTrabalho) values (8, 'musica');
insert into Artista (id, areaTrabalho) values (14, 'pintura');
insert into Artista (id, areaTrabalho) values (16, 'escultura');
insert into Artista (id, areaTrabalho) values (21, 'pintura');
insert into Artista (id, areaTrabalho) values (23, 'teatro');
insert into Artista (id, areaTrabalho) values (24, 'pintura');
insert into Artista (id, areaTrabalho) values (26, 'escultura');
insert into Artista (id, areaTrabalho) values (28, 'musica');
insert into Artista (id, areaTrabalho) values (29, 'pintura');
insert into Artista (id, areaTrabalho) values (30, 'danca');
insert into Artista (id, areaTrabalho) values (31, 'pintura');
insert into Artista (id, areaTrabalho) values (34, 'fotografia');
insert into Artista (id, areaTrabalho) values (36, 'pintura');
insert into Artista (id, areaTrabalho) values (39, 'escultura');
insert into Artista (id, areaTrabalho) values (42, 'danca');
insert into Artista (id, areaTrabalho) values (44, 'escultura');
insert into Artista (id, areaTrabalho) values (45, 'pintura');
insert into Artista (id, areaTrabalho) values (46, 'pintura');
insert into Artista (id, areaTrabalho) values (48, 'danca');
insert into Artista (id, areaTrabalho) values (49, 'fotografia');
insert into Artista (id, areaTrabalho) values (50, 'escultura');
insert into Artista (id, areaTrabalho) values (57, 'teatro');
insert into Artista (id, areaTrabalho) values (60, 'pintura');
insert into Artista (id, areaTrabalho) values (63, 'escultura');
insert into Artista (id, areaTrabalho) values (65, 'danca');
insert into Artista (id, areaTrabalho) values (67, 'danca');
insert into Artista (id, areaTrabalho) values (68, 'escultura');
insert into Artista (id, areaTrabalho) values (71, 'danca');
insert into Artista (id, areaTrabalho) values (72, 'escultura');
insert into Artista (id, areaTrabalho) values (87, 'teatro');
insert into Artista (id, areaTrabalho) values (88, 'pintura');
insert into Artista (id, areaTrabalho) values (94, 'musica');
insert into Artista (id, areaTrabalho) values (96, 'danca');

insert into Staff (id, nif, morada, iban, remuneracaoHora) values (4, 254171079, '73061 Dexter Street', 'RS40 6012 0405 4871 4384 15', 0.2);
insert into Staff (id, nif, morada, iban, remuneracaoHora) values (6, 362480206, '97 Bashford Trail', 'GT19 J69N BOKA CFYE 7LGQ FUQ2 RYMT', 0.3);
insert into Staff (id, nif, morada, iban, remuneracaoHora) values (7, 320255034, '682 Portage Park', 'FR11 8664 1040 42HK VTQC NLVD E80', 2.8);
insert into Staff (id, nif, morada, iban, remuneracaoHora) values (11, 213430983, '6318 Dryden Circle', 'PK19 PZUN CDC8 EXEU TBQL UHUN', 5.9);
insert into Staff (id, nif, morada, iban, remuneracaoHora) values (18, 256877556, '38 Prairie Rose Alley', 'LB84 2620 A3AS TAXN BY8P MPVL YG8P', 1.6);
insert into Staff (id, nif, morada, iban, remuneracaoHora) values (19, 198945060, '407 Dayton Pass', 'MC58 8357 7332 50HB S05T TCSX P87', 3.3);
insert into Staff (id, nif, morada, iban, remuneracaoHora) values (20, 222336625, '24 Eagan Lane', 'GR22 9415 633G J29W TC4J 4IKG 32S', 4.8);
insert into Staff (id, nif, morada, iban, remuneracaoHora) values (22, 519697448, '0 Birchwood Avenue', 'LU52 686J JGWC L2DU MZV4', 3.0);
insert into Staff (id, nif, morada, iban, remuneracaoHora) values (25, 365253111, '515 Bonner Street', 'BG91 MSZL 1954 56BO ZWBA QS', 2.5);
insert into Staff (id, nif, morada, iban, remuneracaoHora) values (27, 177384441, '95653 Lakewood Gardens Alley', 'FR97 9784 5250 96HI 0HV8 BKFX 086', 5.3);
insert into Staff (id, nif, morada, iban, remuneracaoHora) values (32, 265980224, '5 Monica Place', 'BE63 5016 8061 0076', 5.9);
insert into Staff (id, nif, morada, iban, remuneracaoHora) values (35, 604657293, '9 Forster Circle', 'KZ07 557R KFJX CH0Y QRJZ', 4.3);
insert into Staff (id, nif, morada, iban, remuneracaoHora) values (37, 174637454, '2 Carioca Parkway', 'SA78 09HD 9TVU KISJ GCV6 DJCG', 4.9);
insert into Staff (id, nif, morada, iban, remuneracaoHora) values (38, 878728821, '70388 Morrow Alley', 'IE84 XXIA 4014 4475 3284 76', 1.4);
insert into Staff (id, nif, morada, iban, remuneracaoHora) values (43, 854309896, '87154 Swallow Street', 'SE59 3880 6020 1331 6250 9626', 5.0);
insert into Staff (id, nif, morada, iban, remuneracaoHora) values (51, 968185886, '8058 Spaight Drive', 'DO30 HVYF 1386 8713 7048 6783 5448', 5.1);
insert into Staff (id, nif, morada, iban, remuneracaoHora) values (61, 251939332, '30353 Main Park', 'CY14 5276 0941 LS7L Z9RO NTCV 7MQS', 4.2);
insert into Staff (id, nif, morada, iban, remuneracaoHora) values (70, 634420593, '65 Loftsgordon Pass', 'LB80 9530 RIAX BXWA UHDV T8PQ RGPM', 1.3);
insert into Staff (id, nif, morada, iban, remuneracaoHora) values (73, 205953530, '68 Merchant Plaza', 'AE08 2460 0888 5319 2939 947', 3.1);
insert into Staff (id, nif, morada, iban, remuneracaoHora) values (76, 288990056, '6670 Utah Junction', 'SE88 6551 9066 6351 4558 9559', 5.7);
insert into Staff (id, nif, morada, iban, remuneracaoHora) values (82, 121569276, '91 Ryan Junction', 'PS04 MDII BHDE NAIL BZEJ RLEB 2G2H Z', 0.2);
insert into Staff (id, nif, morada, iban, remuneracaoHora) values (84, 966980573, '5075 Columbus Center', 'HR32 7212 7906 8361 1879 5', 0.6);
insert into Staff (id, nif, morada, iban, remuneracaoHora) values (86, 322308470, '28 Hudson Way', 'LB52 7909 7SQR EQFF ARKI LV7J N3WO', 3.8);
insert into Staff (id, nif, morada, iban, remuneracaoHora) values (91, 837094437, '777 Eggendart Drive', 'BH56 PANO YRJV PG67 EZWQ MK', 3.5);
insert into Staff (id, nif, morada, iban, remuneracaoHora) values (97, 271007788, '811 Merrick Park', 'AE56 0944 3619 1328 7298 020', 2.5);
insert into Staff (id, nif, morada, iban, remuneracaoHora) values (100, 205807429, '4364 Saint Paul Junction', 'MR08 5632 2345 0694 4508 1234 536', 5.9);

insert into Servico (id, tipo, taxa) values (1, 'bar', 2.9) ;
insert into Servico (id, tipo, taxa) values (2, 'limpezas', 2.1);
insert into Servico (id, tipo, taxa) values (3, 'bengaleiro', 1.1);
insert into Servico (id, tipo, taxa) values (4, 'perdidosAchados', 2.8);
insert into Servico (id, tipo, taxa) values (5, 'bar', 2.0);
insert into Servico (id, tipo, taxa) values (6, 'bar', 2.7);
insert into Servico (id, tipo, taxa) values (7, 'perdidosAchados', 2.3);
insert into Servico (id, tipo, taxa) values (8, 'perdidosAchados', 1.6);
insert into Servico (id, tipo, taxa) values (9, 'bilheteira', 1.4);
insert into Servico (id, tipo, taxa) values (10, 'limpezas', 1.5);
insert into Servico (id, tipo, taxa) values (11, 'limpezas', 2.4);
insert into Servico (id, tipo, taxa) values (12, 'bilheteira', 3.0);
insert into Servico (id, tipo, taxa) values (13, 'perdidosAchados', 1.9);
insert into Servico (id, tipo, taxa) values (14, 'bar', 1.2);
insert into Servico (id, tipo, taxa) values (15, 'bar', 2.9);
insert into Servico (id, tipo, taxa) values (16, 'perdidosAchados', 1.7);
insert into Servico (id, tipo, taxa) values (17, 'bar', 1.1);
insert into Servico (id, tipo, taxa) values (18, 'perdidosAchados', 2.1);
insert into Servico (id, tipo, taxa) values (19, 'bar', 2.0);
insert into Servico (id, tipo, taxa) values (20, 'limpezas', 1.9);
insert into Servico (id, tipo, taxa) values (21, 'bar', 2.8);
insert into Servico (id, tipo, taxa) values (22, 'bengaleiro', 2.3);
insert into Servico (id, tipo, taxa) values (23, 'perdidosAchados', 2.7);
insert into Servico (id, tipo, taxa) values (24, 'perdidosAchados', 1.8);
insert into Servico (id, tipo, taxa) values (25, 'bar', 2.5);
insert into Servico (id, tipo, taxa) values (26, 'bengaleiro', 1.2);
insert into Servico (id, tipo, taxa) values (27, 'bar', 1.8);
insert into Servico (id, tipo, taxa) values (28, 'limpezas', 1.4);
insert into Servico (id, tipo, taxa) values (29, 'bilheteira', 2.2);
insert into Servico (id, tipo, taxa) values (30, 'limpezas', 1.6);
insert into Servico (id, tipo, taxa) values (31, 'perdidosAchados', 2.3);
insert into Servico (id, tipo, taxa) values (33, 'bengaleiro', 2.2);
insert into Servico (id, tipo, taxa) values (34, 'perdidosAchados', 2.7);
insert into Servico (id, tipo, taxa) values (35, 'limpezas', 2.0);  

insert into ordenado (idStaff, idServico, mes, valor) values (4, 1, 3, 2.9);
insert into ordenado (idStaff, idServico, mes, valor) values (6, 1, 3, 4.35);
insert into ordenado (idStaff, idServico, mes, valor) values (7, 1, 3, 40.6);
insert into ordenado (idStaff, idServico, mes, valor) values (11, 1, 3, 119.77);
insert into ordenado (idStaff, idServico, mes, valor) values (18, 1, 3, 18.56);
insert into ordenado (idStaff, idServico, mes, valor) values (19, 2, 3, 20.79);
insert into ordenado (idStaff, idServico, mes, valor) values (20, 2, 3, 80.64);
insert into ordenado (idStaff, idServico, mes, valor) values (22, 2, 3, 31.5);
insert into ordenado (idStaff, idServico, mes, valor) values (25, 2, 3, 26.25);
insert into ordenado (idStaff, idServico, mes, valor) values (27, 3, 3, 58.3);
insert into ordenado (idStaff, idServico, mes, valor) values (32, 3, 3, 45.43);
insert into ordenado (idStaff, idServico, mes, valor) values (35, 3, 3, 33.11);
insert into ordenado (idStaff, idServico, mes, valor) values (37, 4, 3, 68.6);
insert into ordenado (idStaff, idServico, mes, valor) values (38, 4, 3, 19.6);
insert into ordenado (idStaff, idServico, mes, valor) values (43, 4, 3, 70);
insert into ordenado (idStaff, idServico, mes, valor) values (51, 5, 3, 61.2);
insert into ordenado (idStaff, idServico, mes, valor) values (61, 5, 3, 42);
insert into ordenado (idStaff, idServico, mes, valor) values (70, 6, 3, 38.61);
insert into ordenado (idStaff, idServico, mes, valor) values (73, 6, 3, 75.33);
insert into ordenado (idStaff, idServico, mes, valor) values (76, 6, 3, 92.34);
insert into ordenado (idStaff, idServico, mes, valor) values (82, 6, 3, 3.24);
insert into ordenado (idStaff, idServico, mes, valor) values (84, 7, 3, 11.04);
insert into ordenado (idStaff, idServico, mes, valor) values (86, 7, 3, 69.92);
insert into ordenado (idStaff, idServico, mes, valor) values (91, 7, 3, 56.35);
insert into ordenado (idStaff, idServico, mes, valor) values (97, 8, 3, 48);
insert into ordenado (idStaff, idServico, mes, valor) values (100, 9, 3, 41.3);
insert into ordenado (idStaff, idServico, mes, valor) values (4, 12, 4, 3.6);
insert into ordenado (idStaff, idServico, mes, valor) values (6, 14, 4, 1.44);
insert into ordenado (idStaff, idServico, mes, valor) values (7, 14, 4, 13.44);
insert into ordenado (idStaff, idServico, mes, valor) values (11, 15, 4, 102.66);
insert into ordenado (idStaff, idServico, mes, valor) values (18, 15, 4, 23.2);
insert into ordenado (idStaff, idServico, mes, valor) values (19, 11, 4, 23.76);
insert into ordenado (idStaff, idServico, mes, valor) values (20, 10, 4, 57.6);
insert into ordenado (idStaff, idServico, mes, valor) values (22, 10, 4, 36);
insert into ordenado (idStaff, idServico, mes, valor) values (25, 10, 4, 30);
insert into ordenado (idStaff, idServico, mes, valor) values (27, 22, 4, 109.7);
insert into ordenado (idStaff, idServico, mes, valor) values (32, 22, 4, 122.13);
insert into ordenado (idStaff, idServico, mes, valor) values (35, 22, 4, 98.9);
insert into ordenado (idStaff, idServico, mes, valor) values (37, 13, 4, 46.55);
insert into ordenado (idStaff, idServico, mes, valor) values (38, 13, 4, 7.98);
insert into ordenado (idStaff, idServico, mes, valor) values (43, 16, 4, 42.5);
insert into ordenado (idStaff, idServico, mes, valor) values (51, 14, 4, 36.72);
insert into ordenado (idStaff, idServico, mes, valor) values (61, 15, 4, 97.44);
insert into ordenado (idStaff, idServico, mes, valor) values (70, 14, 4, 4.68);
insert into ordenado (idStaff, idServico, mes, valor) values (73, 14, 4, 14.88);
insert into ordenado (idStaff, idServico, mes, valor) values (76, 15, 4, 148.77);
insert into ordenado (idStaff, idServico, mes, valor) values (82, 15, 4, 2.9);
insert into ordenado (idStaff, idServico, mes, valor) values (84, 13, 4, 7.98);
insert into ordenado (idStaff, idServico, mes, valor) values (86, 16, 4, 25.84);
insert into ordenado (idStaff, idServico, mes, valor) values (91, 16, 4, 29.75);
insert into ordenado (idStaff, idServico, mes, valor) values (97, 13, 4, 19);
insert into ordenado (idStaff, idServico, mes, valor) values (100, 12, 4, 106.2);
insert into ordenado (idStaff, idServico, mes, valor) values (4, 29, 5, 2.2);
insert into ordenado (idStaff, idServico, mes, valor) values (6, 17, 5, 0.99);
insert into ordenado (idStaff, idServico, mes, valor) values (7, 17, 5, 3.96);
insert into ordenado (idStaff, idServico, mes, valor) values (11, 17, 5, 19.47);
insert into ordenado (idStaff, idServico, mes, valor) values (18, 19, 5, 23.2);
insert into ordenado (idStaff, idServico, mes, valor) values (19, 20, 5, 43.89);
insert into ordenado (idStaff, idServico, mes, valor) values (20, 28, 5, 60.48);
insert into ordenado (idStaff, idServico, mes, valor) values (22, 20, 5, 28.5);
insert into ordenado (idStaff, idServico, mes, valor) values (25, 20, 5, 23.75);
insert into ordenado (idStaff, idServico, mes, valor) values (27, 17, 5, 34.98);
insert into ordenado (idStaff, idServico, mes, valor) values (32, 20, 5, 89.68);
insert into ordenado (idStaff, idServico, mes, valor) values (35, 17, 5, 23.65);
insert into ordenado (idStaff, idServico, mes, valor) values (37, 18, 5, 92.61);
insert into ordenado (idStaff, idServico, mes, valor) values (38, 23, 5, 26.46);
insert into ordenado (idStaff, idServico, mes, valor) values (43, 18, 5, 84);
insert into ordenado (idStaff, idServico, mes, valor) values (51, 19, 5, 51);
insert into ordenado (idStaff, idServico, mes, valor) values (61, 17, 5, 23.1);
insert into ordenado (idStaff, idServico, mes, valor) values (70, 19, 5, 10.4);
insert into ordenado (idStaff, idServico, mes, valor) values (73, 19, 5, 24.8);
insert into ordenado (idStaff, idServico, mes, valor) values (76, 20, 5, 43.32);
insert into ordenado (idStaff, idServico, mes, valor) values (82, 20, 5, 10.64);
insert into ordenado (idStaff, idServico, mes, valor) values (84, 18, 5, 8.82);
insert into ordenado (idStaff, idServico, mes, valor) values (86, 23, 5, 82.08);
insert into ordenado (idStaff, idServico, mes, valor) values (91, 23, 5, 75.6);
insert into ordenado (idStaff, idServico, mes, valor) values (97, 18, 5, 31.5);
insert into ordenado (idStaff, idServico, mes, valor) values (100, 29, 5, 12.98);
insert into ordenado (idStaff, idServico, mes, valor) values (4, 21, 6, 1.12);
insert into ordenado (idStaff, idServico, mes, valor) values (6, 21, 6, 4.2);
insert into ordenado (idStaff, idServico, mes, valor) values (7, 25, 6, 21);
insert into ordenado (idStaff, idServico, mes, valor) values (11, 25, 6, 88.5);
insert into ordenado (idStaff, idServico, mes, valor) values (18, 27, 6, 17.28);
insert into ordenado (idStaff, idServico, mes, valor) values (19, 30, 6, 36.96);
insert into ordenado (idStaff, idServico, mes, valor) values (20, 30, 6, 46.08);
insert into ordenado (idStaff, idServico, mes, valor) values (22, 30, 6, 24);
insert into ordenado (idStaff, idServico, mes, valor) values (25, 35, 6, 25);
insert into ordenado (idStaff, idServico, mes, valor) values (27, 26, 6, 50.88);
insert into ordenado (idStaff, idServico, mes, valor) values (32, 33, 6, 51.92);
insert into ordenado (idStaff, idServico, mes, valor) values (35, 26, 6, 41.28);
insert into ordenado (idStaff, idServico, mes, valor) values (37, 24, 6, 52.92);
insert into ordenado (idStaff, idServico, mes, valor) values (38, 24, 6, 17.64);
insert into ordenado (idStaff, idServico, mes, valor) values (43, 31, 6, 57.5);
insert into ordenado (idStaff, idServico, mes, valor) values (51, 21, 6, 85.68);
insert into ordenado (idStaff, idServico, mes, valor) values (61, 25, 6, 42);
insert into ordenado (idStaff, idServico, mes, valor) values (70, 27, 6, 9.36);
insert into ordenado (idStaff, idServico, mes, valor) values (73, 25, 6, 31);
insert into ordenado (idStaff, idServico, mes, valor) values (76, 21, 6, 79.8);
insert into ordenado (idStaff, idServico, mes, valor) values (82, 25, 6, 12.25);
insert into ordenado (idStaff, idServico, mes, valor) values (84, 31, 6, 8.28);
insert into ordenado (idStaff, idServico, mes, valor) values (86, 24, 6, 41.04);
insert into ordenado (idStaff, idServico, mes, valor) values (91, 31, 6, 40.25);
insert into ordenado (idStaff, idServico, mes, valor) values (97, 24, 6, 32.4);
insert into ordenado (idStaff, idServico, mes, valor) values (100, 34, 6, 5.0);

    
insert into tempoServico (idStaff, idServico, horasTrabalho, data) values (4, 1, 5, '2021-03-30');
insert into tempoServico (idStaff, idServico, horasTrabalho, data) values (6, 1, 5, '2021-03-30');
insert into tempoServico (idStaff, idServico, horasTrabalho, data) values (7, 1, 5, '2021-03-29');
insert into tempoServico (idStaff, idServico, horasTrabalho, data) values (11, 1, 7, '2021-03-28');
insert into tempoServico (idStaff, idServico, horasTrabalho, data) values (18, 1, 4, '2021-03-27');
insert into tempoServico (idStaff, idServico, horasTrabalho, data) values (19, 2, 3, '2021-03-24');
insert into tempoServico (idStaff, idServico, horasTrabalho, data) values (20, 2, 8, '2021-03-24');
insert into tempoServico (idStaff, idServico, horasTrabalho, data) values (22, 2, 5, '2021-03-25');
insert into tempoServico (idStaff, idServico, horasTrabalho, data) values (25, 2, 5, '2021-03-25');
insert into tempoServico (idStaff, idServico, horasTrabalho, data) values (27, 3, 10, '2021-03-10');
insert into tempoServico (idStaff, idServico, horasTrabalho, data) values (32, 3, 7, '2021-03-11');
insert into tempoServico (idStaff, idServico, horasTrabalho, data) values (35, 3, 7, '2021-03-12');
insert into tempoServico (idStaff, idServico, horasTrabalho, data) values (37, 4, 5, '2021-03-29');
insert into tempoServico (idStaff, idServico, horasTrabalho, data) values (38, 4, 5, '2021-03-29');
insert into tempoServico (idStaff, idServico, horasTrabalho, data) values (43, 4, 5, '2021-03-29');
insert into tempoServico (idStaff, idServico, horasTrabalho, data) values (51, 5, 6, '2021-03-16');
insert into tempoServico (idStaff, idServico, horasTrabalho, data) values (61, 5, 5, '2021-03-17');
insert into tempoServico (idStaff, idServico, horasTrabalho, data) values (70, 6, 11, '2021-03-08');
insert into tempoServico (idStaff, idServico, horasTrabalho, data) values (73, 6, 9, '2021-03-09');
insert into tempoServico (idStaff, idServico, horasTrabalho, data) values (76, 6, 6, '2021-03-10');
insert into tempoServico (idStaff, idServico, horasTrabalho, data) values (82, 6, 6, '2021-03-11');
insert into tempoServico (idStaff, idServico, horasTrabalho, data) values (84, 7, 8, '2021-03-05');
insert into tempoServico (idStaff, idServico, horasTrabalho, data) values (86, 7, 8, '2021-03-06');
insert into tempoServico (idStaff, idServico, horasTrabalho, data) values (91, 7, 7, '2021-03-07');
insert into tempoServico (idStaff, idServico, horasTrabalho, data) values (97, 8, 12, '2021-03-21');
insert into tempoServico (idStaff, idServico, horasTrabalho, data) values (100, 9, 5, '2021-03-01');
insert into tempoServico (idStaff, idServico, horasTrabalho, data) values (4, 12, 6, '2021-04-14');
insert into tempoServico (idStaff, idServico, horasTrabalho, data) values (6, 14, 4, '2021-04-15');
insert into tempoServico (idStaff, idServico, horasTrabalho, data) values (7, 14, 4, '2021-04-16');
insert into tempoServico (idStaff, idServico, horasTrabalho, data) values (11, 15, 6, '2021-04-12');
insert into tempoServico (idStaff, idServico, horasTrabalho, data) values (18, 15, 5, '2021-04-13');
insert into tempoServico (idStaff, idServico, horasTrabalho, data) values (19, 11, 3, '2021-04-10');
insert into tempoServico (idStaff, idServico, horasTrabalho, data) values (20, 10, 8, '2021-04-25');
insert into tempoServico (idStaff, idServico, horasTrabalho, data) values (22, 10, 8, '2021-04-26');
insert into tempoServico (idStaff, idServico, horasTrabalho, data) values (25, 10, 8, '2021-04-27');
insert into tempoServico (idStaff, idServico, horasTrabalho, data) values (27, 22, 9, '2021-04-07');
insert into tempoServico (idStaff, idServico, horasTrabalho, data) values (32, 22, 9, '2021-04-08');
insert into tempoServico (idStaff, idServico, horasTrabalho, data) values (35, 22, 10, '2021-04-09');
insert into tempoServico (idStaff, idServico, horasTrabalho, data) values (37, 13, 5, '2021-04-19');
insert into tempoServico (idStaff, idServico, horasTrabalho, data) values (38, 13, 3, '2021-04-20');
insert into tempoServico (idStaff, idServico, horasTrabalho, data) values (43, 16, 5, '2021-04-26');
insert into tempoServico (idStaff, idServico, horasTrabalho, data) values (51, 14, 6, '2021-04-17');
insert into tempoServico (idStaff, idServico, horasTrabalho, data) values (70, 14, 8, '2021-04-18');
insert into tempoServico (idStaff, idServico, horasTrabalho, data) values (73, 14, 3, '2021-04-19');
insert into tempoServico (idStaff, idServico, horasTrabalho, data) values (76, 15, 4, '2021-04-14');
insert into tempoServico (idStaff, idServico, horasTrabalho, data) values (82, 15, 9, '2021-04-15');
insert into tempoServico (idStaff, idServico, horasTrabalho, data) values (84, 13, 5, '2021-04-21');
insert into tempoServico (idStaff, idServico, horasTrabalho, data) values (86, 16, 7, '2021-04-27');
insert into tempoServico (idStaff, idServico, horasTrabalho, data) values (91, 16, 4, '2021-04-28');
insert into tempoServico (idStaff, idServico, horasTrabalho, data) values (97, 13, 5, '2021-04-22');
insert into tempoServico (idStaff, idServico, horasTrabalho, data) values (100, 12, 4, '2021-04-15');
insert into tempoServico (idStaff, idServico, horasTrabalho, data) values (4, 29, 6, '2021-05-22');
insert into tempoServico (idStaff, idServico, horasTrabalho, data) values (6, 17, 5, '2021-05-14');
insert into tempoServico (idStaff, idServico, horasTrabalho, data) values (7, 17, 3, '2021-05-15');
insert into tempoServico (idStaff, idServico, horasTrabalho, data) values (11, 17, 2, '2021-05-16');
insert into tempoServico (idStaff, idServico, horasTrabalho, data) values (18, 19, 3, '2021-05-11');
insert into tempoServico (idStaff, idServico, horasTrabalho, data) values (19, 20, 5, '2021-05-26');
insert into tempoServico (idStaff, idServico, horasTrabalho, data) values (20, 28, 7, '2021-05-08');
insert into tempoServico (idStaff, idServico, horasTrabalho, data) values (22, 20, 4, '2021-05-27');
insert into tempoServico (idStaff, idServico, horasTrabalho, data) values (25, 20, 5, '2021-05-28');
insert into tempoServico (idStaff, idServico, horasTrabalho, data) values (27, 17, 5, '2021-05-17');
insert into tempoServico (idStaff, idServico, horasTrabalho, data) values (32, 20, 6, '2021-05-29');
insert into tempoServico (idStaff, idServico, horasTrabalho, data) values (35, 17, 8, '2021-05-18');
insert into tempoServico (idStaff, idServico, horasTrabalho, data) values (37, 18, 5, '2021-05-14');
insert into tempoServico (idStaff, idServico, horasTrabalho, data) values (38, 23, 9, '2021-05-28');
insert into tempoServico (idStaff, idServico, horasTrabalho, data) values (43, 18, 7, '2021-05-15');
insert into tempoServico (idStaff, idServico, horasTrabalho, data) values (51, 19, 8, '2021-05-12');
insert into tempoServico (idStaff, idServico, horasTrabalho, data) values (61, 17, 5, '2021-05-19');
insert into tempoServico (idStaff, idServico, horasTrabalho, data) values (70, 19, 5, '2021-05-13');
insert into tempoServico (idStaff, idServico, horasTrabalho, data) values (73, 19, 4, '2021-05-14');
insert into tempoServico (idStaff, idServico, horasTrabalho, data) values (76, 20, 4, '2021-05-30');
insert into tempoServico (idStaff, idServico, horasTrabalho, data) values (82, 20, 4, '2021-05-31');
insert into tempoServico (idStaff, idServico, horasTrabalho, data) values (84, 18, 8, '2021-05-16');
insert into tempoServico (idStaff, idServico, horasTrabalho, data) values (86, 23, 7, '2021-05-29');
insert into tempoServico (idStaff, idServico, horasTrabalho, data) values (91, 23, 8, '2021-05-30');
insert into tempoServico (idStaff, idServico, horasTrabalho, data) values (97, 18, 8, '2021-05-17');
insert into tempoServico (idStaff, idServico, horasTrabalho, data) values (100, 29, 6, '2021-05-23');
insert into tempoServico (idStaff, idServico, horasTrabalho, data) values (4, 21, 1, '2021-06-09');
insert into tempoServico (idStaff, idServico, horasTrabalho, data) values (6, 21, 2, '2021-06-10');
insert into tempoServico (idStaff, idServico, horasTrabalho, data) values (7, 25, 5, '2021-06-27');
insert into tempoServico (idStaff, idServico, horasTrabalho, data) values (11, 25, 3, '2021-06-28');
insert into tempoServico (idStaff, idServico, horasTrabalho, data) values (18, 27, 6, '2021-06-05');
insert into tempoServico (idStaff, idServico, horasTrabalho, data) values (19, 30, 6, '2021-06-19');
insert into tempoServico (idStaff, idServico, horasTrabalho, data) values (20, 30, 7, '2021-06-20');
insert into tempoServico (idStaff, idServico, horasTrabalho, data) values (22, 30, 6, '2021-06-21');
insert into tempoServico (idStaff, idServico, horasTrabalho, data) values (25, 35, 5, '2021-06-20');
insert into tempoServico (idStaff, idServico, horasTrabalho, data) values (27, 26, 5, '2021-06-18');
insert into tempoServico (idStaff, idServico, horasTrabalho, data) values (32, 33, 8, '2021-06-28');
insert into tempoServico (idStaff, idServico, horasTrabalho, data) values (35, 26, 4, '2021-06-19');
insert into tempoServico (idStaff, idServico, horasTrabalho, data) values (37, 24, 8, '2021-06-19');
insert into tempoServico (idStaff, idServico, horasTrabalho, data) values (38, 24, 6, '2021-06-04');
insert into tempoServico (idStaff, idServico, horasTrabalho, data) values (43, 31, 7, '2021-06-16');
insert into tempoServico (idStaff, idServico, horasTrabalho, data) values (51, 21, 5, '2021-06-11');
insert into tempoServico (idStaff, idServico, horasTrabalho, data) values (61, 25, 6, '2021-06-29');
insert into tempoServico (idStaff, idServico, horasTrabalho, data) values (70, 27, 4, '2021-06-06');
insert into tempoServico (idStaff, idServico, horasTrabalho, data) values (73, 25, 4, '2021-06-30');
insert into tempoServico (idStaff, idServico, horasTrabalho, data) values (76, 21, 4, '2021-06-12');
insert into tempoServico (idStaff, idServico, horasTrabalho, data) values (82, 25, 5, '2021-06-26');
insert into tempoServico (idStaff, idServico, horasTrabalho, data) values (84, 31, 7, '2021-06-17');
insert into tempoServico (idStaff, idServico, horasTrabalho, data) values (86, 24, 6, '2021-06-05');
insert into tempoServico (idStaff, idServico, horasTrabalho, data) values (91, 31, 6, '2021-06-18');
insert into tempoServico (idStaff, idServico, horasTrabalho, data) values (97, 24, 5, '2021-06-06');
insert into tempoServico (idStaff, idServico, horasTrabalho, data) values (100, 34, 9, '2021-06-05');


insert into Sala (numero, lotacao, tipologia, dimensoes, servicoId) values (1, 476, 'exposicoes', 2583, 1);
insert into Sala (numero, lotacao, tipologia, dimensoes, servicoId) values (2, 560, 'exposicoes', 4804, 2);
insert into Sala (numero, lotacao, tipologia, dimensoes, servicoId) values (3, 534, 'concertos', 1237, 3);
insert into Sala (numero, lotacao, tipologia, dimensoes, servicoId) values (4, 994, 'concertos', 7391, 4);
insert into Sala (numero, lotacao, tipologia, dimensoes, servicoId) values (5, 410, 'exposicoes', 4915, 5);
insert into Sala (numero, lotacao, tipologia, dimensoes, servicoId) values (6, 811, 'concertos', 7372, 6);
insert into Sala (numero, lotacao, tipologia, dimensoes, servicoId) values (7, 510, 'concertos', 9129, 7);
insert into Sala (numero, lotacao, tipologia, dimensoes, servicoId) values (8, 66, 'exposicoes', 5415, 8);
insert into Sala (numero, lotacao, tipologia, dimensoes, servicoId) values (9, 1000, 'exposicoes', 3926, 9);
insert into Sala (numero, lotacao, tipologia, dimensoes, servicoId) values (10, 462, 'concertos', 120, 10);
insert into Sala (numero, lotacao, tipologia, dimensoes, servicoId) values (11, 667, 'concertos', 70, 11);
insert into Sala (numero, lotacao, tipologia, dimensoes, servicoId) values (12, 703, 'concertos', 1292, 12);
insert into Sala (numero, lotacao, tipologia, dimensoes, servicoId) values (13, 374, 'concertos', 580, 13);
insert into Sala (numero, lotacao, tipologia, dimensoes, servicoId) values (14, 773, 'concertos', 6744, 14);
insert into Sala (numero, lotacao, tipologia, dimensoes, servicoId) values (15, 600, 'concertos', 2333, 15);


insert into EventoCultural (id, dataInicio, dataFim, limiteIdade, sala) values (1, '2021-03-27', '2021-03-30', 0, 1);
insert into EventoCultural (id, dataInicio, dataFim, limiteIdade, sala) values (2, '2021-03-24', '2021-03-25', 0, 2);
insert into EventoCultural (id, dataInicio, dataFim, limiteIdade, sala) values (3, '2021-03-10', '2021-03-12', 1, 3);
insert into EventoCultural (id, dataInicio, dataFim, limiteIdade, sala) values (4, '2021-03-29', '2021-03-29', 1, 4);
insert into EventoCultural (id, dataInicio, dataFim, limiteIdade, sala) values (5, '2021-03-16', '2021-03-17', 0, 5);
insert into EventoCultural (id, dataInicio, dataFim, limiteIdade, sala) values (6, '2021-03-08', '2021-03-11', 1, 6);
insert into EventoCultural (id, dataInicio, dataFim, limiteIdade, sala) values (7, '2021-03-05', '2021-03-07', 0, 7);
insert into EventoCultural (id, dataInicio, dataFim, limiteIdade, sala) values (8, '2021-03-21', '2021-03-21', 0, 8);
insert into EventoCultural (id, dataInicio, dataFim, limiteIdade, sala) values (9, '2021-03-01', '2021-03-01', 0, 9);
insert into EventoCultural (id, dataInicio, dataFim, limiteIdade, sala) values (10, '2021-04-25', '2021-04-27', 1, 10);
insert into EventoCultural (id, dataInicio, dataFim, limiteIdade, sala) values (11, '2021-04-10', '2021-04-10', 0, 11);
insert into EventoCultural (id, dataInicio, dataFim, limiteIdade, sala) values (12, '2021-04-14', '2021-04-15', 0, 12);
insert into EventoCultural (id, dataInicio, dataFim, limiteIdade, sala) values (13, '2021-04-19', '2021-04-22', 0, 13);
insert into EventoCultural (id, dataInicio, dataFim, limiteIdade, sala) values (14, '2021-04-15', '2021-04-19', 0, 14);
insert into EventoCultural (id, dataInicio, dataFim, limiteIdade, sala) values (15, '2021-04-12', '2021-04-15', 0, 15);
insert into EventoCultural (id, dataInicio, dataFim, limiteIdade, sala) values (16, '2021-04-26', '2021-04-28', 0, 7);
insert into EventoCultural (id, dataInicio, dataFim, limiteIdade, sala) values (17, '2021-05-14', '2021-05-19', 0, 1);
insert into EventoCultural (id, dataInicio, dataFim, limiteIdade, sala) values (18, '2021-05-14', '2021-05-17', 0, 8);
insert into EventoCultural (id, dataInicio, dataFim, limiteIdade, sala) values (19, '2021-05-12', '2021-05-14', 1, 5);
insert into EventoCultural (id, dataInicio, dataFim, limiteIdade, sala) values (20, '2021-05-26', '2021-05-31', 0, 2);
insert into EventoCultural (id, dataInicio, dataFim, limiteIdade, sala) values (21, '2021-06-09', '2021-06-12', 1, 6);
insert into EventoCultural (id, dataInicio, dataFim, limiteIdade, sala) values (22, '2021-04-07', '2021-04-09', 1, 3);
insert into EventoCultural (id, dataInicio, dataFim, limiteIdade, sala) values (23, '2021-05-28', '2021-05-30', 0, 13);
insert into EventoCultural (id, dataInicio, dataFim, limiteIdade, sala) values (24, '2021-06-03', '2021-06-06', 0, 7);
insert into EventoCultural (id, dataInicio, dataFim, limiteIdade, sala) values (25, '2021-06-26', '2021-06-30', 1, 14);
insert into EventoCultural (id, dataInicio, dataFim, limiteIdade, sala) values (26, '2021-06-18', '2021-06-19', 0, 3);
insert into EventoCultural (id, dataInicio, dataFim, limiteIdade, sala) values (27, '2021-06-05', '2021-06-06', 1, 15);
insert into EventoCultural (id, dataInicio, dataFim, limiteIdade, sala) values (28, '2021-05-08', '2021-05-08', 0, 10);
insert into EventoCultural (id, dataInicio, dataFim, limiteIdade, sala) values (29, '2021-05-22', '2021-05-23', 0, 9);
insert into EventoCultural (id, dataInicio, dataFim, limiteIdade, sala) values (30, '2021-06-19', '2021-06-21', 0, 11);
insert into EventoCultural (id, dataInicio, dataFim, limiteIdade, sala) values (31, '2021-06-16', '2021-06-18', 1, 4);
insert into EventoCultural (id, dataInicio, dataFim, limiteIdade, sala) values (32, '2021-06-20', '2021-06-24', 0, 11);
insert into EventoCultural (id, dataInicio, dataFim, limiteIdade, sala) values (33, '2021-06-28', '2021-06-28', 1, 3);
insert into EventoCultural (id, dataInicio, dataFim, limiteIdade, sala) values (34, '2021-06-05', '2021-06-05', 0, 8);
insert into EventoCultural (id, dataInicio, dataFim, limiteIdade, sala) values (35, '2021-06-20', '2021-06-20', 1, 2);


insert into artistaEventoCultural (evento, artista) values (6, 3);
insert into artistaEventoCultural (evento, artista) values (17, 71);
insert into artistaEventoCultural (evento, artista) values (28, 71);
insert into artistaEventoCultural (evento, artista) values (14, 42);
insert into artistaEventoCultural (evento, artista) values (11, 24);
insert into artistaEventoCultural (evento, artista) values (2, 88);
insert into artistaEventoCultural (evento, artista) values (2, 26);
insert into artistaEventoCultural (evento, artista) values (19, 44);
insert into artistaEventoCultural (evento, artista) values (31, 67);
insert into artistaEventoCultural (evento, artista) values (15, 30);
insert into artistaEventoCultural (evento, artista) values (7, 29);
insert into artistaEventoCultural (evento, artista) values (21, 8);
insert into artistaEventoCultural (evento, artista) values (10, 88);
insert into artistaEventoCultural (evento, artista) values (3, 45);
insert into artistaEventoCultural (evento, artista) values (28, 31);
insert into artistaEventoCultural (evento, artista) values (15, 16);
insert into artistaEventoCultural (evento, artista) values (34, 94);
insert into artistaEventoCultural (evento, artista) values (22, 48);
insert into artistaEventoCultural (evento, artista) values (16, 49);
insert into artistaEventoCultural (evento, artista) values (29, 42);
insert into artistaEventoCultural (evento, artista) values (12, 49);
insert into artistaEventoCultural (evento, artista) values (6, 96);
insert into artistaEventoCultural (evento, artista) values (34, 68);
insert into artistaEventoCultural (evento, artista) values (15, 24);
insert into artistaEventoCultural (evento, artista) values (28, 45);
insert into artistaEventoCultural (evento, artista) values (26, 49);
insert into artistaEventoCultural (evento, artista) values (29, 44);
insert into artistaEventoCultural (evento, artista) values (18, 57);
insert into artistaEventoCultural (evento, artista) values (33, 68);
insert into artistaEventoCultural (evento, artista) values (26, 87);
insert into artistaEventoCultural (evento, artista) values (1, 8);
insert into artistaEventoCultural (evento, artista) values (4, 48);
insert into artistaEventoCultural (evento, artista) values (22, 28);
insert into artistaEventoCultural (evento, artista) values (9, 87);
insert into artistaEventoCultural (evento, artista) values (5, 28);
insert into artistaEventoCultural (evento, artista) values (5, 72);
insert into artistaEventoCultural (evento, artista) values (35, 29);
insert into artistaEventoCultural (evento, artista) values (14, 68);
insert into artistaEventoCultural (evento, artista) values (4, 50);
insert into artistaEventoCultural (evento, artista) values (33, 3);
insert into artistaEventoCultural (evento, artista) values (3, 65);
insert into artistaEventoCultural (evento, artista) values (1, 34);
insert into artistaEventoCultural (evento, artista) values (16, 23);
insert into artistaEventoCultural (evento, artista) values (23, 16);
insert into artistaEventoCultural (evento, artista) values (19, 63);
insert into artistaEventoCultural (evento, artista) values (34, 44);
insert into artistaEventoCultural (evento, artista) values (21, 46);
insert into artistaEventoCultural (evento, artista) values (9, 45);
insert into artistaEventoCultural (evento, artista) values (22, 50);
insert into artistaEventoCultural (evento, artista) values (3, 72);
insert into artistaEventoCultural (evento, artista) values (35, 30);
insert into artistaEventoCultural (evento, artista) values (5, 63);
insert into artistaEventoCultural (evento, artista) values (19, 39);
insert into artistaEventoCultural (evento, artista) values (8, 67);
insert into artistaEventoCultural (evento, artista) values (26, 36);
insert into artistaEventoCultural (evento, artista) values (30, 14);
insert into artistaEventoCultural (evento, artista) values (7, 68);
insert into artistaEventoCultural (evento, artista) values (5, 24);
insert into artistaEventoCultural (evento, artista) values (10, 24);

insert into staffEventoCultural (evento, staff) values (1, 4);
insert into staffEventoCultural (evento, staff) values (1, 6);
insert into staffEventoCultural (evento, staff) values (1, 7);
insert into staffEventoCultural (evento, staff) values (1, 11);
insert into staffEventoCultural (evento, staff) values (1, 18);
insert into staffEventoCultural (evento, staff) values (2, 19);
insert into staffEventoCultural (evento, staff) values (2, 20);
insert into staffEventoCultural (evento, staff) values (2, 22);
insert into staffEventoCultural (evento, staff) values (2, 25);
insert into staffEventoCultural (evento, staff) values (3, 27);
insert into staffEventoCultural (evento, staff) values (3, 32);
insert into staffEventoCultural (evento, staff) values (3, 35);
insert into staffEventoCultural (evento, staff) values (4, 37);
insert into staffEventoCultural (evento, staff) values (4, 38);
insert into staffEventoCultural (evento, staff) values (4, 43);
insert into staffEventoCultural (evento, staff) values (5, 51);
insert into staffEventoCultural (evento, staff) values (5, 61);
insert into staffEventoCultural (evento, staff) values (6, 70);
insert into staffEventoCultural (evento, staff) values (6, 73);
insert into staffEventoCultural (evento, staff) values (6, 76);
insert into staffEventoCultural (evento, staff) values (6, 82);
insert into staffEventoCultural (evento, staff) values (7, 84);
insert into staffEventoCultural (evento, staff) values (7, 86);
insert into staffEventoCultural (evento, staff) values (7, 91);
insert into staffEventoCultural (evento, staff) values (8, 97);
insert into staffEventoCultural (evento, staff) values (9, 100);
insert into staffEventoCultural (evento, staff) values (10, 20);
insert into staffEventoCultural (evento, staff) values (10, 22);
insert into staffEventoCultural (evento, staff) values (10, 25);
insert into staffEventoCultural (evento, staff) values (11, 19);
insert into staffEventoCultural (evento, staff) values (12, 4);
insert into staffEventoCultural (evento, staff) values (12, 100);
insert into staffEventoCultural (evento, staff) values (13, 37);
insert into staffEventoCultural (evento, staff) values (13, 38);
insert into staffEventoCultural (evento, staff) values (13, 84);
insert into staffEventoCultural (evento, staff) values (13, 97);
insert into staffEventoCultural (evento, staff) values (14, 6);
insert into staffEventoCultural (evento, staff) values (14, 7);
insert into staffEventoCultural (evento, staff) values (14, 51);
insert into staffEventoCultural (evento, staff) values (14, 70);
insert into staffEventoCultural (evento, staff) values (14, 73);
insert into staffEventoCultural (evento, staff) values (15, 11);
insert into staffEventoCultural (evento, staff) values (15, 18);
insert into staffEventoCultural (evento, staff) values (15, 61);
insert into staffEventoCultural (evento, staff) values (15, 76);
insert into staffEventoCultural (evento, staff) values (15, 82);
insert into staffEventoCultural (evento, staff) values (16, 43);
insert into staffEventoCultural (evento, staff) values (16, 86);
insert into staffEventoCultural (evento, staff) values (16, 91);
insert into staffEventoCultural (evento, staff) values (17, 6);
insert into staffEventoCultural (evento, staff) values (17, 7);
insert into staffEventoCultural (evento, staff) values (17, 11);
insert into staffEventoCultural (evento, staff) values (17, 27);
insert into staffEventoCultural (evento, staff) values (17, 35);
insert into staffEventoCultural (evento, staff) values (17, 61);
insert into staffEventoCultural (evento, staff) values (18, 37);
insert into staffEventoCultural (evento, staff) values (18, 43);
insert into staffEventoCultural (evento, staff) values (18, 84);
insert into staffEventoCultural (evento, staff) values (18, 97);
insert into staffEventoCultural (evento, staff) values (19, 18);
insert into staffEventoCultural (evento, staff) values (19, 51);
insert into staffEventoCultural (evento, staff) values (19, 70);
insert into staffEventoCultural (evento, staff) values (19, 73);
insert into staffEventoCultural (evento, staff) values (20, 19);
insert into staffEventoCultural (evento, staff) values (20, 22);
insert into staffEventoCultural (evento, staff) values (20, 25);
insert into staffEventoCultural (evento, staff) values (20, 32);
insert into staffEventoCultural (evento, staff) values (20, 76);
insert into staffEventoCultural (evento, staff) values (20, 82);
insert into staffEventoCultural (evento, staff) values (21, 4);
insert into staffEventoCultural (evento, staff) values (21, 6);
insert into staffEventoCultural (evento, staff) values (21, 51);
insert into staffEventoCultural (evento, staff) values (21, 76);
insert into staffEventoCultural (evento, staff) values (22, 27);
insert into staffEventoCultural (evento, staff) values (22, 32);
insert into staffEventoCultural (evento, staff) values (22, 35);
insert into staffEventoCultural (evento, staff) values (23, 38);
insert into staffEventoCultural (evento, staff) values (23, 86);
insert into staffEventoCultural (evento, staff) values (23, 91);
insert into staffEventoCultural (evento, staff) values (24, 37);
insert into staffEventoCultural (evento, staff) values (24, 38);
insert into staffEventoCultural (evento, staff) values (24, 86);
insert into staffEventoCultural (evento, staff) values (24, 97);
insert into staffEventoCultural (evento, staff) values (24, 100);
insert into staffEventoCultural (evento, staff) values (25, 7);
insert into staffEventoCultural (evento, staff) values (25, 11);
insert into staffEventoCultural (evento, staff) values (25, 61);
insert into staffEventoCultural (evento, staff) values (25, 73);
insert into staffEventoCultural (evento, staff) values (25, 82);
insert into staffEventoCultural (evento, staff) values (26, 27);
insert into staffEventoCultural (evento, staff) values (26, 35);
insert into staffEventoCultural (evento, staff) values (27, 18);
insert into staffEventoCultural (evento, staff) values (27, 70);
insert into staffEventoCultural (evento, staff) values (28, 20);
insert into staffEventoCultural (evento, staff) values (29, 4);
insert into staffEventoCultural (evento, staff) values (29, 100);
insert into staffEventoCultural (evento, staff) values (30, 19);
insert into staffEventoCultural (evento, staff) values (30, 20);
insert into staffEventoCultural (evento, staff) values (30, 22);
insert into staffEventoCultural (evento, staff) values (31, 43);
insert into staffEventoCultural (evento, staff) values (31, 84);
insert into staffEventoCultural (evento, staff) values (31, 91);
insert into staffEventoCultural (evento, staff) values (33, 32);
insert into staffEventoCultural (evento, staff) values (34, 100);
insert into staffEventoCultural (evento, staff) values (35, 25);


insert into Concerto (id, tipoIluminacao, tipoSom) values (1, 'monocromatica', 'mesasMistura');
insert into Concerto (id, tipoIluminacao, tipoSom) values (3, 'colorida', 'instrumentos');
insert into Concerto (id, tipoIluminacao, tipoSom) values (4, 'monocromatica', 'mesasMistura');
insert into Concerto (id, tipoIluminacao, tipoSom) values (5, 'colorida', 'mesasMistura');
insert into Concerto (id, tipoIluminacao, tipoSom) values (6, 'colorida', 'mesasMistura');
insert into Concerto (id, tipoIluminacao, tipoSom) values (11, 'colorida', 'instrumentos');
insert into Concerto (id, tipoIluminacao, tipoSom) values (12, 'monocromatica', 'instrumentos');
insert into Concerto (id, tipoIluminacao, tipoSom) values (15, 'colorida', 'mesasMistura');
insert into Concerto (id, tipoIluminacao, tipoSom) values (16, 'colorida', 'mesasMistura');
insert into Concerto (id, tipoIluminacao, tipoSom) values (23, 'colorida', 'instrumentos');
insert into Concerto (id, tipoIluminacao, tipoSom) values (24, 'colorida', 'mesasMistura');
insert into Concerto (id, tipoIluminacao, tipoSom) values (26, 'colorida', 'mesasMistura');
insert into Concerto (id, tipoIluminacao, tipoSom) values (27, 'monocromatica', 'mesasMistura');
insert into Concerto (id, tipoIluminacao, tipoSom) values (29, 'colorida', 'instrumentos');
insert into Concerto (id, tipoIluminacao, tipoSom) values (30, 'monocromatica', 'mesasMistura');
insert into Concerto (id, tipoIluminacao, tipoSom) values (33, 'colorida', 'instrumentos');
insert into Concerto (id, tipoIluminacao, tipoSom) values (34, 'monocromatica', 'mesasMistura');


insert into Exposicao(id, projecoes) values (31,2);
insert into Exposicao(id, projecoes) values (20, 1);
insert into Exposicao(id, projecoes) values (10, 1);
insert into Exposicao(id, projecoes) values (13, 3);
insert into Exposicao(id, projecoes) values (8, 0);
insert into Exposicao(id, projecoes) values (21, 2);
insert into Exposicao(id, projecoes) values (14, 1);
insert into Exposicao(id, projecoes) values (7, 2);
insert into Exposicao(id, projecoes) values (22, 1);
insert into Exposicao(id, projecoes) values (35, 4);
insert into Exposicao(id, projecoes) values (17, 4);
insert into Exposicao(id, projecoes) values (9, 2);
insert into Exposicao(id, projecoes) values (25, 1);
insert into Exposicao(id, projecoes) values (28, 2);
insert into Exposicao(id, projecoes) values (18, 0);
insert into Exposicao(id, projecoes) values (19, 1);
insert into Exposicao(id, projecoes) values (2, 1);


insert into Bilhete (numero, utilizado, espectadorId, evento) values (1, 1, 53, 26);
insert into Bilhete (numero, utilizado, espectadorId, evento) values (2, 1, 85, 28);
insert into Bilhete (numero, utilizado, espectadorId, evento) values (3, 0, 53, 1);
insert into Bilhete (numero, utilizado, espectadorId, evento) values (4, 1, 2, 14);
insert into Bilhete (numero, utilizado, espectadorId, evento) values (6, 0, 93, 2);
insert into Bilhete (numero, utilizado, espectadorId, evento) values (7, 1, 53, 7);
insert into Bilhete (numero, utilizado, espectadorId, evento) values (8, 1, 92, 31);
insert into Bilhete (numero, utilizado, espectadorId, evento) values (10, 0, 41, 10);
insert into Bilhete (numero, utilizado, espectadorId, evento) values (11, 1, 13, 34);
insert into Bilhete (numero, utilizado, espectadorId, evento) values (12, 1, 77, 2);
insert into Bilhete (numero, utilizado, espectadorId, evento) values (13, 0, 99, 1);
insert into Bilhete (numero, utilizado, espectadorId, evento) values (14, 1, 79, 11);
insert into Bilhete (numero, utilizado, espectadorId, evento) values (15, 1, 75, 20);
insert into Bilhete (numero, utilizado, espectadorId, evento) values (16, 0, 90, 26);
insert into Bilhete (numero, utilizado, espectadorId, evento) values (17, 1, 43, 22);
insert into Bilhete (numero, utilizado, espectadorId, evento) values (18, 1, 10, 29);
insert into Bilhete (numero, utilizado, espectadorId, evento) values (19, 1, 98, 22);
insert into Bilhete (numero, utilizado, espectadorId, evento) values (20, 1, 5, 35);
insert into Bilhete (numero, utilizado, espectadorId, evento) values (21, 1, 55, 8);
insert into Bilhete (numero, utilizado, espectadorId, evento) values (22, 0, 69, 17);
insert into Bilhete (numero, utilizado, espectadorId, evento) values (23, 1, 58, 29);
insert into Bilhete (numero, utilizado, espectadorId, evento) values (24, 0, 1, 23);
insert into Bilhete (numero, utilizado, espectadorId, evento) values (25, 1, 33, 31);
insert into Bilhete (numero, utilizado, espectadorId, evento) values (26, 1, 93, 10);
insert into Bilhete (numero, utilizado, espectadorId, evento) values (27, 0, 62, 23);
insert into Bilhete (numero, utilizado, espectadorId, evento) values (28, 1, 56, 25);
insert into Bilhete (numero, utilizado, espectadorId, evento) values (29, 0, 59, 35);
insert into Bilhete (numero, utilizado, espectadorId, evento) values (30, 1, 41, 3);
insert into Bilhete (numero, utilizado, espectadorId, evento) values (31, 1, 83, 26);
insert into Bilhete (numero, utilizado, espectadorId, evento) values (32, 1, 92, 20);
insert into Bilhete (numero, utilizado, espectadorId, evento) values (33, 0, 92, 4);
insert into Bilhete (numero, utilizado, espectadorId, evento) values (34, 0, 99, 2);
insert into Bilhete (numero, utilizado, espectadorId, evento) values (35, 0, 41, 27);
insert into Bilhete (numero, utilizado, espectadorId, evento) values (36, 0, 12, 15);
insert into Bilhete (numero, utilizado, espectadorId, evento) values (37, 1, 80, 5);
insert into Bilhete (numero, utilizado, espectadorId, evento) values (38, 0, 69, 16);
insert into Bilhete (numero, utilizado, espectadorId, evento) values (39, 0, 85, 4);
insert into Bilhete (numero, utilizado, espectadorId, evento) values (40, 0, 82, 34);
insert into Bilhete (numero, utilizado, espectadorId, evento) values (41, 0, 15, 16);
insert into Bilhete (numero, utilizado, espectadorId, evento) values (42, 0, 66, 16);
insert into Bilhete (numero, utilizado, espectadorId, evento) values (43, 0, 89, 19);
insert into Bilhete (numero, utilizado, espectadorId, evento) values (44, 0, 86, 5);
insert into Bilhete (numero, utilizado, espectadorId, evento) values (45, 1, 64, 17);
insert into Bilhete (numero, utilizado, espectadorId, evento) values (46, 0, 95, 7);
insert into Bilhete (numero, utilizado, espectadorId, evento) values (47, 1, 58, 19);
insert into Bilhete (numero, utilizado, espectadorId, evento) values (48, 1, 55, 17);
insert into Bilhete (numero, utilizado, espectadorId, evento) values (49, 0, 79, 7);
insert into Bilhete (numero, utilizado, espectadorId, evento) values (50, 1, 82, 14);
insert into Bilhete (numero, utilizado, espectadorId, evento) values (51, 0, 92, 33);
insert into Bilhete (numero, utilizado, espectadorId, evento) values (52, 1, 33, 16);
insert into Bilhete (numero, utilizado, espectadorId, evento) values (53, 1, 93, 31);
insert into Bilhete (numero, utilizado, espectadorId, evento) values (54, 1, 83, 30);
insert into Bilhete (numero, utilizado, espectadorId, evento) values (55, 1, 55, 29);
insert into Bilhete (numero, utilizado, espectadorId, evento) values (56, 0, 43, 21);
insert into Bilhete (numero, utilizado, espectadorId, evento) values (57, 1, 1, 18);
insert into Bilhete (numero, utilizado, espectadorId, evento) values (58, 1, 47, 30);
insert into Bilhete (numero, utilizado, espectadorId, evento) values (59, 0, 82, 7);
insert into Bilhete (numero, utilizado, espectadorId, evento) values (60, 0, 83, 9);
insert into Bilhete (numero, utilizado, espectadorId, evento) values (61, 1, 54, 18);
insert into Bilhete (numero, utilizado, espectadorId, evento) values (62, 0, 79, 11);
insert into Bilhete (numero, utilizado, espectadorId, evento) values (63, 1, 66, 13);
insert into Bilhete (numero, utilizado, espectadorId, evento) values (64, 0, 74, 1);
insert into Bilhete (numero, utilizado, espectadorId, evento) values (65, 1, 15, 23);
insert into Bilhete (numero, utilizado, espectadorId, evento) values (66, 1, 69, 9);
insert into Bilhete (numero, utilizado, espectadorId, evento) values (67, 0, 62, 6);
insert into Bilhete (numero, utilizado, espectadorId, evento) values (68, 1, 1, 12);
insert into Bilhete (numero, utilizado, espectadorId, evento) values (69, 1, 4, 17);
insert into Bilhete (numero, utilizado, espectadorId, evento) values (70, 1, 47, 35);
insert into Bilhete (numero, utilizado, espectadorId, evento) values (71, 1, 12, 24);
insert into Bilhete (numero, utilizado, espectadorId, evento) values (72, 0, 95, 4);
insert into Bilhete (numero, utilizado, espectadorId, evento) values (74, 0, 77, 8);
insert into Bilhete (numero, utilizado, espectadorId, evento) values (76, 1, 81, 7);
insert into Bilhete (numero, utilizado, espectadorId, evento) values (77, 0, 93, 30);
insert into Bilhete (numero, utilizado, espectadorId, evento) values (78, 1, 55, 30);
insert into Bilhete (numero, utilizado, espectadorId, evento) values (79, 1, 54, 24);
insert into Bilhete (numero, utilizado, espectadorId, evento) values (80, 0, 99, 22);
insert into Bilhete (numero, utilizado, espectadorId, evento) values (81, 0, 10, 29);
insert into Bilhete (numero, utilizado, espectadorId, evento) values (82, 1, 69, 9);
insert into Bilhete (numero, utilizado, espectadorId, evento) values (83, 0, 83, 30);
insert into Bilhete (numero, utilizado, espectadorId, evento) values (84, 1, 78, 17);
insert into Bilhete (numero, utilizado, espectadorId, evento) values (85, 1, 41, 25);
insert into Bilhete (numero, utilizado, espectadorId, evento) values (86, 0, 47, 13);
insert into Bilhete (numero, utilizado, espectadorId, evento) values (87, 0, 75, 6);
insert into Bilhete (numero, utilizado, espectadorId, evento) values (88, 0, 5, 1);
insert into Bilhete (numero, utilizado, espectadorId, evento) values (89, 1, 1, 33);
insert into Bilhete (numero, utilizado, espectadorId, evento) values (90, 0, 58, 1);
insert into Bilhete (numero, utilizado, espectadorId, evento) values (91, 1, 80, 3);
insert into Bilhete (numero, utilizado, espectadorId, evento) values (92, 0, 10, 28);
insert into Bilhete (numero, utilizado, espectadorId, evento) values (93, 1, 79, 13);
insert into Bilhete (numero, utilizado, espectadorId, evento) values (94, 1, 55, 28);
insert into Bilhete (numero, utilizado, espectadorId, evento) values (95, 1, 12, 23);
insert into Bilhete (numero, utilizado, espectadorId, evento) values (96, 1, 1, 2);
insert into Bilhete (numero, utilizado, espectadorId, evento) values (97, 0, 93, 4);
insert into Bilhete (numero, utilizado, espectadorId, evento) values (98, 0, 9, 11);
insert into Bilhete (numero, utilizado, espectadorId, evento) values (99, 1, 40, 16);
insert into Bilhete (numero, utilizado, espectadorId, evento) values (100, 1, 99, 25);